"food";"Folate, total";"Phenylalanine";"Riboflavin";"Sugars, Total NLEA";"Tryptophan";"Tyrosine";"Vitamin B-6";"holyRatio"
"almond butter, creamy";"almond butter, creamy";10.6153125;21.2250766871166;0;0;74.9141221374046;404.255319148936;6.44230769230769;36.6206050650537
"almond milk, refrigerated, unsweetened";"almond milk, refrigerated, unsweetened";0;0.651840490797546;6.41025641025641;0;0.477099236641221;9.97340425531915;0;8.16326530612245
"almond milk, unsweetened, plain, refrigerated";"almond milk, unsweetened, plain, refrigerated";0;0.651840490797546;6.41;0;0.477099236641221;9.97340425531915;0;8.16326530612245
"almond milk, unsweetened, plain, shelf stable";"almond milk, unsweetened, plain, shelf stable";0;0;2.5684188034188;0;0;0;0;0
"almonds dry roasted salted";"almonds dry roasted salted";8.78125;0;121.057692307692;0;0;0;0;0
"almonds, dry roasted, salted ";"almonds, dry roasted, salted ";0;0;0;0;0;0;5.76923076923077;0
"amino acids, cheese, dry white, queso seco, mixed composite";"amino acids, cheese, dry white, queso seco, mixed composite";0;17.9447852760736;0;0;118.320610687023;678.191489361702;0;50.7193041150887
"amino acids, chicken, dark meat, lean only, drumstick, raw, non";"amino acids, chicken, dark meat, lean only, drumstick, raw, non";0;11.5414110429448;0;0;81.1068702290076;375;0;58.3223059719111
"amino acids, chicken, dark meat, lean only, thigh, raw, non";"amino acids, chicken, dark meat, lean only, thigh, raw, non";0;11.8098159509202;0;0;83.0152671755725;386.968085106383;0;58.0920589463636
"amino acids, chicken, skin, raw, from drumsticks and thighs, non";"amino acids, chicken, skin, raw, from drumsticks and thighs, non";0;4.48619631901841;0;0;18.1297709923664;121.010638297872;0;36.5455761404707
"amino acids, greek yogurt, chobani plain non";"amino acids, greek yogurt, chobani plain non";0;7.51533742331288;0;0;49.618320610687;260.63829787234;0;53.0612244897959
"amino acids, greek yogurt, dannon oikos plain non";"amino acids, greek yogurt, dannon oikos plain non";0;8.12883435582822;0;0;53.4351145038168;276.595744680851;0;53.3333333333333
"amino acids, greek yogurt, fage plain nonfat";"amino acids, greek yogurt, fage plain nonfat";0;7.97546012269939;0;0;49.618320610687;276.595744680851;0;50
"amino acids, ground turkey, ";"amino acids, ground turkey, ";0;10.8895705521472;0;0;80.1526717557252;340.425531914894;0;62.2222222222222
"amino acids, pollock, raw";"amino acids, pollock, raw";0;7.82208588957055;0;0;68.7022900763359;260.63829787234;0;72
"amino acids, pupusas, bean, flat stuffed corn biscuit";"amino acids, pupusas, bean, flat stuffed corn biscuit";0;4.60122699386503;0;0;21.6284987277354;76.2411347517731;0;51.0420979986197
"amino acids, sweet and sour pork, chinese restaurant";"amino acids, sweet and sour pork, chinese restaurant";0;5.26584867075665;0;0;38.8040712468193;134.751773049645;0;68.4007538959725
"amino acids, tamale, pork";"amino acids, tamale, pork";0;3.60429447852761;0;0;22.9007633587786;90.4255319148936;0;57.6530612244898
"apple juice from concentrate with added vitamin c, shelf stable";"apple juice from concentrate with added vitamin c, shelf stable";0.771875;0;0;0;0;0;1.06730769230769;0
"apple juice, with added vitamin c, from concentrate, shelf stable";"apple juice, with added vitamin c, from concentrate, shelf stable";0.772;0;0;41.18;0;0;1.06769230769231;0
"apples, fuji";"apples, fuji";0;0;5.19230769230769;0;0;0;2.73076923076923;0
"apples, fuji, with skin, raw";"apples, fuji, with skin, raw";0;0;5.20192307692308;25.932;0;0;2.73682692307692;0
"apples, gala";"apples, gala";0;0;5.28846153846154;0;0;0;2.44230769230769;0
"apples, gala, with skin, raw";"apples, gala, with skin, raw";0.15234375;0;5.29326923076923;23.135;0;0;2.44711538461538;0
"apples, granny smith";"apples, granny smith";0;0;5.76923076923077;0;0;0;2.14423076923077;0
"apples, granny smith, with skin, raw";"apples, granny smith, with skin, raw";0;0;5.76923076923077;21.151;0;0;2.14673076923077;0
"apples, honeycrisp";"apples, honeycrisp";0;0;5.67307692307692;0;0;0;2.51923076923077;0
"apples, honeycrisp, with skin, raw";"apples, honeycrisp, with skin, raw";0;0;5.67788461538461;24.068;0;0;2.52403846153846;0
"apples, red delicious";"apples, red delicious";0;0;5.09615384615385;0;0;0;1.64423076923077;0
"apples, red delicious, with skin, raw";"apples, red delicious, with skin, raw";0;0;5.09134615384616;23.321;0;0;1.63336538461538;0
"applesauce, unsweetened, with added vitamin c";"applesauce, unsweetened, with added vitamin c";0;0;0;38.652;0;0;0;0
"b";"b";0;0;19.3269230769231;0;0;0;51.3317307692308;0
"bananas, overripe";"bananas, overripe";6.16666666666667;0;0;0;0;0;17.9615384615385;0
"bananas, overripe, raw";"bananas, overripe, raw";6.25;0;0;63.2;0;0;18;0
"bananas, ripe";"bananas, ripe";3.83333333333333;0;0;0;0;0;15.9487179487179;0
"bananas, ripe and slightly ripe, raw";"bananas, ripe and slightly ripe, raw";3.5;0;0;63.2;0;0;16.0769230769231;0
"bananas, slightly ripe";"bananas, slightly ripe";3.08333333333333;0;0;0;0;0;16.1923076923077;0
"beans, snap, green, canned, regular pack, drained solids";"beans, snap, green, canned, regular pack, drained solids";0;0;0;5.16;0;0;0;0
"beef breakfast sausage, banquet brown n serve sausage links";"beef breakfast sausage, banquet brown n serve sausage links";0;9.20245398773006;9.23076923076923;0;45.8015267175573;207.446808510638;10.7307692307692;48.4848484848485
"beef breakfast sausage, banquet brown n serve sausage links, maple flavor";"beef breakfast sausage, banquet brown n serve sausage links, maple flavor";0;0;13.0769230769231;0;0;0;12.2307692307692;0
"beef breakfast sausage, eckrich sausage links";"beef breakfast sausage, eckrich sausage links";0;0;9.61538461538461;0;0;0;12.0384615384615;0
"beef, loin, tenderloin roast, separable lean only, boneless, trimmed to ";"beef, loin, tenderloin roast, separable lean only, boneless, trimmed to ";0;0;30.7692307692308;0;0;0;51.5384615384615;0
"beef, loin, top loin steak, boneless, lip";"beef, loin, top loin steak, boneless, lip";0;0;15.5384615384615;0;0;0;44.2307692307692;0
"beef, round, eye of round roast, boneless, separable lean only, trimmed to ";"beef, round, eye of round roast, boneless, separable lean only, trimmed to ";0;0;14.2307692307692;0;0;0;49.0769230769231;0
"beef, round, top round roast, boneless, separable lean only, trimmed to ";"beef, round, top round roast, boneless, separable lean only, trimmed to ";0;0;19.2307692307692;0;0;0;48.1538461538462;0
"beef, short loin, porterhouse steak, separable lean only, trimmed to ";"beef, short loin, porterhouse steak, separable lean only, trimmed to ";0;0;17.6923076923077;0;0;0;57.7692307692308;0
"beef, short loin, t";"beef, short loin, t";0;0;20.7692307692308;0;0;0;57.9230769230769;0
"blueberries, raw";"blueberries, raw";0;0;0;37.424;0;0;0;0
"bread, white, commercially prepared";"bread, white, commercially prepared";0;0;18.4615384615385;21.36;0;0;7.07692307692308;0
"bread, whole";"bread, whole";10.5;0;12.7692307692308;17.64;0;0;16.6153846153846;0
"broccoli, cooked, region ";"broccoli, cooked, region ";11.1071428571429;0.212532865907099;2.56043956043956;0;1.30861504907306;4.7112462006079;3.92307692307692;8.62533692722372
"broccoli, pass ";"broccoli, pass ";2.98214285714286;0.328659070990359;3.1043956043956;0;2.453653217012;3.79939209726444;5.12637362637363;12.8571428571429
"broccoli, raw";"broccoli, raw";16.25;1.79447852760736;8.76923076923077;5.6;12.5954198473282;26.5957446808511;14.6923076923077;79.0419161676647
"broccoli, region ";"broccoli, region ";6.26785714285714;0.185144609991236;1.89010989010989;0;1.17230098146129;3.83738601823708;3.28571428571429;9.08969661784204
"broccoli, steamed, pass ";"broccoli, steamed, pass ";4.25;0.262927256792288;2.84615384615385;0;2.72628135223555;4.55927051671733;4.89010989010989;15.8730158730159
"butter, stick, salted";"butter, stick, salted";1.27083333333333;0.383435582822086;0;1.16;3.81679389312977;8.95390070921986;0;95.6190476190476
"buttermilk, low fat";"buttermilk, low fat";0;0;15.1;0;0;0;3.02384615384615;0
"buttermilk, lowfat";"buttermilk, lowfat";0;0;15.0961538461538;0;0;0;3.02403846153846;0
"cantaloupe, raw, pass ";"cantaloupe, raw, pass ";1.23076923076923;0.0448324681453516;0.443786982248521;0;0.117439812096301;0.941080196399345;1.04733727810651;4.06260406260406
"cantaloupe, raw, region ";"cantaloupe, raw, region ";0.75;0;0.923076923076923;0;0;0;0.923076923076923;0
"carrots, baby, raw";"carrots, baby, raw";10.9125;0;8.89230769230769;0;0;0;8.81538461538462;0
"carrots, baby, raw, peeled";"carrots, baby, raw, peeled";10.9125;0;8.89423076923077;0;0;0;8.81730769230769;0
"carrots, frozen, unprepared";"carrots, frozen, unprepared";1.75;0.644171779141104;3.61538461538462;16.8;2.67175572519084;16.4893617021277;6.76923076923077;38.3561643835616
"carrots, mature, raw";"carrots, mature, raw";9.2653125;0;7.30769230769231;0;0;0;11.2009615384615;0
"carrots, sliced or crinkle cut, frozen, unprepared ";"carrots, sliced or crinkle cut, frozen, unprepared ";0.7;0.147239263803681;0.569230769230769;0;0.534351145038168;3.79432624113475;1.45641025641026;7.6270374694533
"carrots, whole, frozen, unprepared ";"carrots, whole, frozen, unprepared ";1.75;0;0;0;0;0;0;0
"carrots, whole, unprepared ";"carrots, whole, unprepared ";0;0.20961145194274;1.58974358974359;0;0.89058524173028;5.0531914893617;1.97435897435897;13.8072938839222
"carrots, whole, unprepared, amino acids repeat ";"carrots, whole, unprepared, amino acids repeat ";0;0.391104294478528;0;0;2.67175572519084;10.9042553191489;0;60.8983451536643
"cheese, american, restaurant";"cheese, american, restaurant";0;0;0;15.04;0;0;0;0
"cheese, cheddar";"cheese, cheddar";5.25;0;33.9230769230769;1.32;0;0;5.30769230769231;0
"cheese, cottage, lowfat, ";"cheese, cottage, lowfat, ";2.5;0;18;16.4;0;0;4.38461538461539;0
"cheese, dry white, queso seco";"cheese, dry white, queso seco";0;17.9447852760736;17.6923076923077;1.72;118.320610687023;675.531914893617;7;50.8196721311475
"cheese, feta, whole milk, crumbled";"cheese, feta, whole milk, crumbled";0;0;34.182905982906;6.5028;0;0;2.94709401709402;0
"cheese, mozzarella, low moisture, part";"cheese, mozzarella, low moisture, part";6.5;0;27.6923076923077;7.24;0;0;6.92307692307692;0
"cheese, parmesan, grated";"cheese, parmesan, grated";1.5;0;26.5384615384615;0.28;0;0;6.23076923076923;0
"cheese, parmesan, grated, refrigerated";"cheese, parmesan, grated, refrigerated";0;0;31.4905982905983;2.5526;0;0;1.76444444444444;0
"cheese, pasteurized process, american, vitamin d fortified";"cheese, pasteurized process, american, vitamin d fortified";0;0;19;10.52;0;0;4.30769230769231;0
"cheese, ricotta, whole milk";"cheese, ricotta, whole milk";1;4.14110429447853;25.1538461538462;0;43.8931297709924;132.978723404255;7.61538461538462;88.4615384615385
"cheese, ricotta, whole milk, galbani";"cheese, ricotta, whole milk, galbani";2.25;3.68098159509202;28.2051282051282;0;38.1679389312977;117.021276595745;7.84615384615385;86.9565217391304
"cheese, ricotta, whole milk, lucerne";"cheese, ricotta, whole milk, lucerne";0;0;22.3076923076923;0;0;0;6.84615384615385;0
"cheese, ricotta, whole milk, polly";"cheese, ricotta, whole milk, polly";0;0;20.7692307692308;0;0;0;8.38461538461539;0
"cheese, ricotta, whole milk, store/other";"cheese, ricotta, whole milk, store/other";0;4.60122699386503;24.2307692307692;0;49.618320610687;148.936170212766;7.23076923076923;89.6551724137931
"cheese, swiss";"cheese, swiss";2.25;0;23.3076923076923;0;0;0;5.38461538461539;0
"chicken, broiler or fryers, breast, skinless, boneless, meat only, cooked, braised";"chicken, broiler or fryers, breast, skinless, boneless, meat only, cooked, braised";0;0;14.3846153846154;0;0;0;70.8461538461539;0
"chicken, broilers or fryers, drumstick, meat only, cooked, braised";"chicken, broilers or fryers, drumstick, meat only, cooked, braised";0;0;13.8461538461538;0;0;0;28.6153846153846;0
"chorizo pork sausage, johnsonville, cooked";"chorizo pork sausage, johnsonville, cooked";0;0;26.9230769230769;0;0;0;0;0
"chorizo pork sausage, mixed brand, cooked";"chorizo pork sausage, mixed brand, cooked";2.5;0;35;0;0;0;42.6153846153846;0
"cookies, oatmeal, soft, with raisins";"cookies, oatmeal, soft, with raisins";8.5;0;16.7692307692308;139.2;0;0;5.38461538461539;0
"cranberry juice, not fortified, from concentrate, shelf stable";"cranberry juice, not fortified, from concentrate, shelf stable";2.242;0;0;13.652;0;0;0.711538461538461;0
"cranberry juice, shelf stable, from concentrate, not fortified";"cranberry juice, shelf stable, from concentrate, not fortified";2.241875;0;0;0;0;0;0.711538461538461;0
"eggs, grade a, large, egg white";"eggs, grade a, large, egg white";0;11.1349693251534;30.0769230769231;0;71.7557251908397;247.872340425532;0;63.0872483221477
"eggs, grade a, large, egg whole";"eggs, grade a, large, egg whole";17.75;10.1226993865031;32.2307692307692;0.8;63.3587786259542;272.340425531915;4.84615384615385;56.6552901023891
"eggs, grade a, large, egg yolk";"eggs, grade a, large, egg yolk";0;10.3220858895706;35.9230769230769;0;66.412213740458;363.829787234043;0;51.2896094325718
"eggs, whites";"eggs, whites";0;11.1281526925699;33.5769230769231;0;71.6709075487701;247.931442080378;0;63.030303030303
"eggs, whites ";"eggs, whites ";0;0;28.3317307692308;0;0;0;0;0
"eggs, whole";"eggs, whole";17.7604166666667;10.1226993865031;31.5625;0;63.5383924562191;272.215269086358;4.87179487179487;56.8273092369478
"eggs, whole ";"eggs, whole ";0;0;33.6634615384615;0;0;0;0;0
"eggs, yolk";"eggs, yolk";0;10.3186775732788;38.4945054945055;0;66.3698049194232;364.066193853428;0;51.2484650020467
"eggs, yolk ";"eggs, yolk ";0;0;34.8823529411765;0;0;0;0;0
"figs, dried, pass ";"figs, dried, pass ";0.846153846153846;0.0943841434638981;1.59763313609467;0;0.763358778625954;1.75941080196399;1.97633136094675;6.50406504065041
"figs, dried, uncooked";"figs, dried, uncooked";2.25;1.05828220858896;6.30769230769231;191.6;7.25190839694656;19.6808510638298;8.15384615384615;71.6981132075472
"fish, haddock, raw";"fish, haddock, raw";0;0;4.38461538461539;0;0;0;21.6153846153846;0
"fish, pollock, raw";"fish, pollock, raw";0;7.82208588957055;6.15384615384615;0;68.7022900763359;260.63829787234;5.30769230769231;72
"fish, tuna, light, canned in water, drained solids";"fish, tuna, light, canned in water, drained solids";0;0;6.30769230769231;0;0;0;24.6153846153846;0
"flaxseed, ground";"flaxseed, ground";10.3625;17.1165644171779;0;0;115;304.521276595745;30.2;71.3769618004146
"flour, ";"flour, ";3.3653125;0;7.01923076923077;0;0;0;4.24057692307692;0
"flour, all";"flour, all";0;0;17.4903846153846;0;0;0;0;0
"flour, all purpose";"flour, all purpose";22.6854166666667;0;0;0;0;0;5.84935897435897;0
"flour, almond";"flour, almond";9.4575;0;57.5;0;0;0;7.68307692307692;0
"flour, almond, blanched";"flour, almond, blanched";9.45625;0;57.5;0;0;0;7.68269230769231;0
"flour, bread, white";"flour, bread, white";37.8;0;0;0;0;0;5.89230769230769;0
"flour, bread, white, enriched";"flour, bread, white, enriched";0;0;33.525641025641;0;0;0;0;0
"flour, bread, white, enriched, unbleached";"flour, bread, white, enriched, unbleached";36.25;0;33.5384615384615;0;0;0;6.07692307692308;0
"flour, corn, enriched";"flour, corn, enriched";0;0;27.2153846153846;0;0;0;0;0
"flour, corn, yellow";"flour, corn, yellow";38.7;0;0;0;0;0;9.98461538461538;0
"flour, corn, yellow, fine meal, enriched";"flour, corn, yellow, fine meal, enriched";38.75;0;27.2307692307692;4.16;0;0;10;0
"flour, oat, whole grain";"flour, oat, whole grain";8.6725;0;12.4076923076923;0;0;0;11.3538461538462;0
"flour, pastry, unenriched, unbleached";"flour, pastry, unenriched, unbleached";0;0;0;0;0;0;5;0
"flour, pastry, white";"flour, pastry, white";0;0;0;0;0;0;5;0
"flour, potato";"flour, potato";10.2875;0;8.84615384615385;0;0;0;44.7692307692308;0
"flour, rice, brown";"flour, rice, brown";0;0;0.58974358974359;0;0;0;10.1282051282051;0
"flour, rice, glutenous";"flour, rice, glutenous";0;0;0;0;0;0;3.34615384615385;0
"flour, rice, glutinous";"flour, rice, glutinous";0;0;0;0;0;0;3.38461538461538;0
"flour, rice, white";"flour, rice, white";3.5;0;0;0;0;0;4.2;0
"flour, rice, white, unenriched";"flour, rice, white, unenriched";2;0;0;0;0;0;2;0
"flour, rice, white(unenriched)";"flour, rice, white(unenriched)";0;0;0;0;0;0;0;0
"flour, semolina, coarse";"flour, semolina, coarse";43.6666666666667;0;18.2051282051282;0;0;0;5.53846153846154;0
"flour, semolina, coarse and semi";"flour, semolina, coarse and semi";41.925;0;18.9769230769231;0;0;0;6.37153846153846;0
"flour, semolina, fine";"flour, semolina, fine";40.903125;0;26.1538461538461;0;0;0;8.32259615384615;0
"flour, semolina, semi";"flour, semolina, semi";40.1666666666667;0;19.7435897435897;0;0;0;7.20512820512821;0
"flour, soy";"flour, soy";0;43.8650306748466;22.9384615384615;0;235.114503816794;927.659574468085;47.5384615384615;53.5186794092094
"flour, soy, defatted";"flour, soy, defatted";0;43.8650306748466;22.9230769230769;0;235.114503816794;925.531914893617;47.5384615384615;53.5652173913044
"flour, soy, full";"flour, soy, full";0;32.9754601226994;27.9230769230769;0;171.75572519084;744.68085106383;26.1538461538462;50.7042253521127
"flour, soy, full fat";"flour, soy, full fat";0;33.2438650306748;26.2596153846154;0;172.709923664122;750.664893617021;27.0961538461538;50.5930984902948
"flour, spelt, whole grain";"flour, spelt, whole grain";9.60484375;0;11.0086538461538;0;0;0;18.1153846153846;0
"flour, wheat, all";"flour, wheat, all";28.5;0;23.3333333333333;0;0;0;5.8974358974359;0
"flour, whole grain oat";"flour, whole grain oat";8.671875;0;12.4038461538462;0;0;0;11.3509615384615;0
"flour, whole wheat";"flour, whole wheat";9.65625;0;0;0;0;0;20.3269230769231;0
"flour, whole wheat, unenriched";"flour, whole wheat, unenriched";9.75;0;9.83516483516484;0;0;0;20.6153846153846;0
"folate, cheddar cheese, sliced, cracker barrel";"folate, cheddar cheese, sliced, cracker barrel";4.5;0;0;0;0;0;0;0
"folate, cheddar cheese, sliced, sargento sharp ";"folate, cheddar cheese, sliced, sargento sharp ";7.5;0;0;0;0;0;0;0
"folate, cheddar cheese, sliced, store brand, lucerne sliced sharp cheddar natural cheese";"folate, cheddar cheese, sliced, store brand, lucerne sliced sharp cheddar natural cheese";6;0;0;0;0;0;0;0
"folate, cheddar cheese, sliced, tillamook";"folate, cheddar cheese, sliced, tillamook";3.5;0;0;0;0;0;0;0
"folate, cheese, swiss, slices";"folate, cheese, swiss, slices";2.375;0;0;0;0;0;0;0
"folate, cottage cheese, ";"folate, cottage cheese, ";2.5;0;0;0;0;0;0;0
"folate, mozzarella cheese, low";"folate, mozzarella cheese, low";6.5625;0;0;0;0;0;0;0
"folate, mustard, yellow, frenchs classic";"folate, mustard, yellow, frenchs classic";1.875;0;0;0;0;0;0;0
"folate, onion rings, frozen, alexia";"folate, onion rings, frozen, alexia";6.75;0;0;0;0;0;0;0
"folate, onion rings, frozen, ore";"folate, onion rings, frozen, ore";8.16666666666667;0;0;0;0;0;0;0
"folate, onion rings, frozen, store brand/other";"folate, onion rings, frozen, store brand/other";8.75;0;0;0;0;0;0;0
"folate, parmesan cheese, grated, kraft ";"folate, parmesan cheese, grated, kraft ";1.5;0;0;0;0;0;0;0
"folate, peanut butter, creamy, jif";"folate, peanut butter, creamy, jif";22.4166666666667;0;0;0;0;0;0;0
"folate, peanut butter, creamy, skippy";"folate, peanut butter, creamy, skippy";22.25;0;0;0;0;0;0;0
"folate, peanut butter, creamy, store brand/other brand, great value";"folate, peanut butter, creamy, store brand/other brand, great value";19.5;0;0;0;0;0;0;0
"folate, peanut butter, creamy, store brand/other brand, kroger";"folate, peanut butter, creamy, store brand/other brand, kroger";21;0;0;0;0;0;0;0
"folate, peanut butter, creamy, store brand/other brand, safeway kitchens & shop rite";"folate, peanut butter, creamy, store brand/other brand, safeway kitchens & shop rite";19.5;0;0;0;0;0;0;0
"folate, pickles, kosher dill, spears, vlasic";"folate, pickles, kosher dill, spears, vlasic";2;0;0;0;0;0;0;0
"folate, whole wheat bread, natures own";"folate, whole wheat bread, natures own";12.5833333333333;0;0;0;0;0;0;0
"folate, whole wheat bread, store brand/other";"folate, whole wheat bread, store brand/other";9.33333333333333;0;0;0;0;0;0;0
"folate, whole wheat bread, stroehmann dutch county";"folate, whole wheat bread, stroehmann dutch county";6.75;0;0;0;0;0;0;0
"folate, yogurt, greek, strawberry, non";"folate, yogurt, greek, strawberry, non";5;0;0;0;0;0;0;0
"folates, lettuce, romaine, fresh";"folates, lettuce, romaine, fresh";13.6666666666667;0;0;0;0;0;0;0
"frankfurter, beef, unheated";"frankfurter, beef, unheated";0;0;11.8461538461538;5.04;0;0;10;0
"grape juice, purple, from concentrate with added vitamin c, shelf stable";"grape juice, purple, from concentrate with added vitamin c, shelf stable";0.16609375;0;0;0;0;0;2.97596153846154;0
"grape juice, purple, with added vitamin c, from concentrate, shelf stable";"grape juice, purple, with added vitamin c, from concentrate, shelf stable";0.1661;0;0;56.144;0;0;2.97615384615385;0
"grape juice, white, from concentrate with added vitamin c, shelf stable";"grape juice, white, from concentrate with added vitamin c, shelf stable";0.4328125;0;0;0;0;0;1.08653846153846;0
"grape juice, white, with added vitamin c, from concentrate, shelf stable";"grape juice, white, with added vitamin c, from concentrate, shelf stable";0.43275;0;0;57.784;0;0;1.08692307692308;0
"grapefruit juice white shelf stable ";"grapefruit juice white shelf stable ";3.08333333333333;0;1.53846153846154;0;0;0;0;0
"grapefruit juice, red, not fortified, not from concentrate, refrigerated";"grapefruit juice, red, not fortified, not from concentrate, refrigerated";4.755;0;0;28.464;0;0;1.69230769230769;0
"grapefruit juice, red, refrigerated, not fortified, not from concentrate";"grapefruit juice, red, refrigerated, not fortified, not from concentrate";4.7553125;0;0;0;0;0;1.69230769230769;0
"grapefruit juice, white, canned or bottled, unsweetened";"grapefruit juice, white, canned or bottled, unsweetened";3;0;1.53846153846154;30.88;0;0;0;0
"grapefruit juice, white, shelf stable ";"grapefruit juice, white, shelf stable ";0;0;0;0;0;0;0;0
"grapes, green, seedless, raw";"grapes, green, seedless, raw";0;0;0;64.532;0;0;0;0
"grapes, red, seedless, raw";"grapes, red, seedless, raw";0;0;0;69.364;0;0;0;0
"ground flaxseed meal";"ground flaxseed meal";10.3625;17.1203987730061;0;0;114.980916030534;304.521276595745;30.2019230769231;71.3545521835677
"ham, sliced, restaurant";"ham, sliced, restaurant";0;0;0;8.8;0;0;0;0
"hot dogs beef";"hot dogs beef";0;0;11.8803418803419;0;0;0;10.017094017094;0
"hummus";"hummus";9.08333333333333;0;8.84615384615385;0;0;0;0;0
"hummus ";"hummus ";0;0;0;0;0;0;11.025641025641;0
"hummus, commercial";"hummus, commercial";9;0;8.84615384615385;1.36;0;0;11;0
"italian pork sausage, great value, cooked";"italian pork sausage, great value, cooked";0;0;20.7692307692308;0;0;0;30.0769230769231;0
"italian pork sausage, johnsonville mild, cooked";"italian pork sausage, johnsonville mild, cooked";0;0;17.9487179487179;0;0;0;22.8461538461539;0
"italian pork sausage, store/other, cooked";"italian pork sausage, store/other, cooked";0;0;0;0;0;0;29.7692307692308;0
"kale";"kale";15.875;0;18.7179487179487;0;0;0;0;0
"kale ";"kale ";0;0;0;0;0;0;8.07692307692308;0
"kale, frozen, cooked, boiled, drained, without salt";"kale, frozen, cooked, boiled, drained, without salt";16.25;0;10.7692307692308;4.48;0;0;4.84615384615385;0
"kale, raw";"kale, raw";15.5;0;26.6923076923077;3.2;0;0;11.3076923076923;0
"ketchup, restaurant";"ketchup, restaurant";0;0;0;87.2;0;0;0;0
"kiwi, pass ";"kiwi, pass ";0.75;0.168711656441718;0.43956043956044;0;1.36314067611778;4.63525835866261;1.34065934065934;20.703933747412
"kiwi, region ";"kiwi, region ";1.89285714285714;0.0876424189307625;0.604395604395604;0;0.763358778625954;2.31762917933131;1.33516483516484;11.4806246385194
"kiwifruit, green, raw";"kiwifruit, green, raw";6.5;0.598159509202454;1.92307692307692;35.96;4.9618320610687;15.9574468085106;4.69230769230769;75.3623188405797
"lettuce, cos or romaine, raw";"lettuce, cos or romaine, raw";12.5;1.01226993865031;5.53846153846154;4.76;4.19847328244275;12.7659574468085;6;48.8888888888889
"melons, cantaloupe, raw";"melons, cantaloupe, raw";3.5;0.291411042944785;2.07692307692308;31.52;0.763358778625954;6.38297872340426;3.07692307692308;25.8064516129032
"milk, ";"milk, ";0.208333333333333;1.26533742331288;5.3349358974359;0;8.42875318066158;44.104609929078;2.33974358974359;26.6941624365482
"milk, lowfat, fluid, ";"milk, lowfat, fluid, ";0.5;2.57668711656442;10.7692307692308;19.84;17.175572519084;88.8297872340426;4.61538461538461;53.7313432835821
"milk, nonfat, fluid, with added vitamin a and vitamin d";"milk, nonfat, fluid, with added vitamin a and vitamin d";0.5;2.57668711656442;10.0769230769231;20.2;18.3206106870229;89.3617021276596;4.46153846153846;57.1428571428571
"milk, reduced fat, fluid, ";"milk, reduced fat, fluid, ";0.5;2.5;10.5384615384615;19.56;16.030534351145;87.7659574468085;4.69230769230769;51.219512195122
"milk, skim";"milk, skim";0;0;10.0769230769231;0;0;0;4.47435897435897;0
"milk, skim ";"milk, skim ";0.5;2.59458077709611;0;0;17.8117048346056;89.5390070921986;0;55.3086419753086
"milk, whole";"milk, whole";0;0;10.5961538461538;0;0;0;4.69230769230769;0
"milk, whole ";"milk, whole ";0;2.46676891615542;0;0;16.5394402035623;86.436170212766;0;53.6082474226804
"milk, whole, ";"milk, whole, ";0;2.46932515337423;10.6153846153846;19.24;16.412213740458;86.1702127659575;4.69230769230769;53.250773993808
"mission figs, dried, region ";"mission figs, dried, region ";0.553571428571429;0.14022787028922;2.13736263736264;0;0.845147219193021;2.62158054711246;2.80769230769231;8.99045261669024
"mushroom, beech";"mushroom, beech";0;0;15.9615384615385;0;0;0;8.10769230769231;0
"mushroom, crimini";"mushroom, crimini";0;0;39.7461538461538;0;0;0;8.65384615384615;0
"mushroom, enoki";"mushroom, enoki";0;0;18.4615384615385;0;0;0;9.13846153846154;0
"mushroom, king oyster";"mushroom, king oyster";0;0;18.7538461538462;0;0;0;9.13846153846154;0
"mushroom, lion's mane";"mushroom, lion's mane";7.395;0;27.9307692307692;0;0;0;5.03846153846154;0
"mushroom, maitake";"mushroom, maitake";0;0;20.7230769230769;0;0;0;5.46153846153846;0
"mushroom, oyster";"mushroom, oyster";15.785;0;18.7538461538462;0;0;0;7.60615384615385;0
"mushroom, pioppini";"mushroom, pioppini";0;0;32.7923076923077;0;0;0;7.86923076923077;0
"mushroom, portabella";"mushroom, portabella";0;0;35.7692307692308;0;0;0;7.45538461538461;0
"mushrooms, crimini";"mushrooms, crimini";0;0;39.7435897435897;0;0;0;8.65384615384615;0
"mushrooms, enoki";"mushrooms, enoki";0;0;18.4615384615385;0;0;0;9.14102564102564;0
"mushrooms, hon";"mushrooms, hon";0;0;15.9615384615385;0;0;0;8.11057692307692;0
"mushrooms, king oyster";"mushrooms, king oyster";0;0;18.75;0;0;0;9.13461538461538;0
"mushrooms, lions mane";"mushrooms, lions mane";7.3953125;0;27.9326923076923;0;0;0;5.03846153846154;0
"mushrooms, maitake";"mushrooms, maitake";0;0;20.7211538461538;0;0;0;5.46153846153846;0
"mushrooms, oyster";"mushrooms, oyster";15.784375;0;18.75;0;0;0;7.60576923076923;0
"mushrooms, pioppini";"mushrooms, pioppini";0;0;32.7884615384615;0;0;0;7.86538461538462;0
"mushrooms, portabella";"mushrooms, portabella";0;0;35.7692307692308;0;0;0;7.4551282051282;0
"mushrooms, shiitake";"mushrooms, shiitake";8.031875;0;16.6365384615385;0;0;0;12.2519230769231;0
"mushrooms, white button";"mushrooms, white button";8.68979166666667;0;34.1679487179487;0;0;0;5.9101282051282;0
"mustard, prepared, yellow";"mustard, prepared, yellow";1.75;2.71472392638037;5.07692307692308;5.68;3.81679389312977;78.1914893617021;5.30769230769231;12.3456790123457
"mustard, yellow, prepared, french's classic yellow mustard, amino acids ";"mustard, yellow, prepared, french's classic yellow mustard, amino acids ";0;2.45398773006135;0;0;3.81679389312977;74.468085106383;0;13.3333333333333
"mustard, yellow, prepared, french's classic yellow mustard, folate ";"mustard, yellow, prepared, french's classic yellow mustard, folate ";1.75;0;0;0;0;0;0;0
"mustard, yellow, prepared, french's classic yellow mustard, riboflavin ";"mustard, yellow, prepared, french's classic yellow mustard, riboflavin ";0;0;2.30769230769231;0;0;0;0;0
"mustard, yellow, prepared, french's classic yellow mustard, vitamin b";"mustard, yellow, prepared, french's classic yellow mustard, vitamin b";0;0;0;0;0;0;3.84615384615385;0
"mustard, yellow, prepared, store brand, amino acids ";"mustard, yellow, prepared, store brand, amino acids ";0;2.83742331288344;0;0;3.81679389312977;79.7872340425532;0;11.9429590017825
"mustard, yellow, prepared, store brand, folate ";"mustard, yellow, prepared, store brand, folate ";1.875;0;0;0;0;0;0;0
"mustard, yellow, prepared, store brand, riboflavin ";"mustard, yellow, prepared, store brand, riboflavin ";0;0;2.30769230769231;0;0;0;0;0
"mustard, yellow, prepared, store brand, vitamin b";"mustard, yellow, prepared, store brand, vitamin b";0;0;0;0;0;0;5.38461538461539;0
"nectarines, fresh, region ";"nectarines, fresh, region ";0.5;0;0.615384615384615;0;0;0;0.791208791208791;0
"nectarines, raw";"nectarines, raw";1.5;0.153374233128834;2.07692307692308;31.56;1.90839694656489;3.19148936170213;1.92307692307692;125
"nectarines, raw, pass ";"nectarines, raw, pass ";0.5;0.0332310838445808;0.427350427350427;0;0.381679389312977;0.768321513002364;0.239316239316239;12.1693121693122
"nuts, almonds, dry roasted, with salt added";"nuts, almonds, dry roasted, with salt added";8.75;0;120.769230769231;16.68;0;0;5.76923076923077;0
"oat milk, refrigerated, unsweetened";"oat milk, refrigerated, unsweetened";0;1.11196319018405;21.5934065934066;0;3.33969465648855;21.9414893617021;0.5;30.7692307692308
"oat milk, unsweetened, plain, refrigerated";"oat milk, unsweetened, plain, refrigerated";0;1.11196319018405;21.5923076923077;9.2864;3.33969465648855;21.9414893617021;0.5;30.7692307692308
"oatmeal cookies with raisins, pepperidge farm soft baked";"oatmeal cookies with raisins, pepperidge farm soft baked";10.6666666666667;0;17.9487179487179;0;0;0;6.15384615384615;0
"oatmeal cookies with raisins, store/other brand";"oatmeal cookies with raisins, store/other brand";6.16666666666667;0;15.6410256410256;0;0;0;5;0
"olives green stuffed with pimentos";"olives green stuffed with pimentos";0;0;0;0;0;0;0;0
"olives, green, manzanilla, stuffed with pimiento";"olives, green, manzanilla, stuffed with pimiento";0;0;0;0;0;0;0;0
"olives, green, stuffed with pimentos ";"olives, green, stuffed with pimentos ";0;0;0;0;0;0;0;0
"onion rings, breaded, par fried, frozen, prepared, heated in oven";"onion rings, breaded, par fried, frozen, prepared, heated in oven";7.75;0;8.92307692307692;18;0;0;9.76923076923077;0
"onions, red, raw";"onions, red, raw";0;0;0;23.04;0;0;0;0
"onions, white, raw";"onions, white, raw";0;0;0;23.04;0;0;0;0
"onions, yellow, raw";"onions, yellow, raw";0;0;0;23.28;0;0;0;0
"orange juice, no pulp, not fortified, from concentrate, refrigerated";"orange juice, no pulp, not fortified, from concentrate, refrigerated";7.4625;0;0;33.104;0;0;3.29846153846154;0
"orange juice, no pulp, not fortified, not from concentrate, refrigerated";"orange juice, no pulp, not fortified, not from concentrate, refrigerated";7.245;0;0;32.308;0;0;3.16384615384615;0
"orange juice, refrigerated, no pulp, not fortified";"orange juice, refrigerated, no pulp, not fortified";7.24609375;0;0;0;0;0;3.16346153846154;0
"orange juice, refrigerated, no pulp, not fortified, from concentrate";"orange juice, refrigerated, no pulp, not fortified, from concentrate";7.463125;0;0;0;0;0;3.29807692307692;0
"oranges, navel, pass ";"oranges, navel, pass ";0.615384615384615;0.141576215195847;1.27810650887574;0;0.293599530240752;0.409165302782324;2.31952662721893;2.36686390532544
"oranges, navel, raw, region ";"oranges, navel, raw, region ";3.03571428571429;0.0361524978089395;1.03846153846154;0;0.381679389312977;0.911854103343465;1.30769230769231;14.0740740740741
"oranges, raw, navels";"oranges, raw, navels";6.25;0.782208588957055;3.92307692307692;34.28;3.05343511450382;5.85106382978723;6.07692307692308;51.6129032258064
"peaches, raw, pass ";"peaches, raw, pass ";0.25;0.0405346187554777;0.604395604395604;0;0.490730643402399;1.0258358662614;0.335164835164835;15.9103641456583
"peaches, raw, region ";"peaches, raw, region ";0.708333333333333;0;0.923076923076923;0;0;0;0.923076923076923;0
"peaches, yellow, raw";"peaches, yellow, raw";1.5;0.276073619631902;2.38461538461538;33.56;3.43511450381679;7.4468085106383;1.92307692307692;112.5
"peanut butter, creamy";"peanut butter, creamy";24.3221875;23.0233895705522;0;0;87.3187022900763;565.890957446808;29.2692307692308;35.6764132553606
"peanut butter, smooth style, with salt";"peanut butter, smooth style, with salt";21.5;0;14.6923076923077;42;0;0;34.1538461538462;0
"pears, bartlett, pass ";"pears, bartlett, pass ";0.666666666666667;0;0.871794871794872;0;0;0;0.551282051282051;0
"pears, bartlett, regions ";"pears, bartlett, regions ";0.25;0.0498466257668712;0.336538461538462;0;0.190839694656489;0.265957446808511;0.596153846153846;13.5746606334842
"pears, bosc, regions ";"pears, bosc, regions ";0.34375;0.0364263803680982;0.288461538461538;0;0.190839694656489;0.265957446808511;0.490384615384615;18.2539682539683
"pears, green anjou, regions ";"pears, green anjou, regions ";0.5625;0.0421779141104294;0.288461538461538;0;0.190839694656489;0.265957446808511;0.375;15.4761904761905
"pears, raw, bartlett";"pears, raw, bartlett";1.5;0.199386503067485;2;38.76;0.763358778625954;1.06382978723404;2;53.3333333333333
"peppers, bell, green, raw";"peppers, bell, green, raw";5.5528125;0;6.82692307692308;0;0;0;18.9826923076923;0
"peppers, bell, orange, raw";"peppers, bell, orange, raw";0;0;7.58942307692308;0;0;0;24.0682692307692;0
"peppers, bell, orange, raw, mini ";"peppers, bell, orange, raw, mini ";0;0;11.5384615384615;0;0;0;49.6153846153846;0
"peppers, bell, red, raw";"peppers, bell, red, raw";12.03765625;0;10.6615384615385;0;0;0;22.3129807692308;0
"peppers, bell, red, raw, mini ";"peppers, bell, red, raw, mini ";8.5125;0;15.3846153846154;0;0;0;38.8461538461538;0
"peppers, bell, yellow, raw";"peppers, bell, yellow, raw";10.1959375;0;7.27038461538461;0;0;0;21.3721153846154;0
"peppers, bell, yellow, raw, mini ";"peppers, bell, yellow, raw, mini ";13.8;0;11.5384615384615;0;0;0;39.6153846153846;0
"pickles, cucumber, dill or kosher dill";"pickles, cucumber, dill or kosher dill";2;0;4.38461538461539;5.12;0;0;2.61538461538462;0
"pork, cured, bacon, cooked, restaurant";"pork, cured, bacon, cooked, restaurant";0;0;0;12.56;0;0;0;0
"raspberries, raw";"raspberries, raw";0;0;0;10.7036;0;0;0;0
"restaurant, chinese, fried rice, without meat";"restaurant, chinese, fried rice, without meat";0;0;0;2.48;0;0;0;0
"restaurant, chinese, sweet and sour pork";"restaurant, chinese, sweet and sour pork";0;5.26073619631902;7.92307692307692;41.2;38.9312977099237;134.574468085106;13.0769230769231;68.4563758389262
"restaurant, latino, pupusas con frijoles";"restaurant, latino, pupusas con frijoles";0;4.60122699386503;2.30769230769231;5.2;21.7557251908397;76.063829787234;13.2307692307692;51.4672686230248
"restaurant, latino, tamale, pork";"restaurant, latino, tamale, pork";0;3.60429447852761;3.84615384615385;1.84;22.9007633587786;90.4255319148936;10.1538461538462;59.2592592592593
"riboflavin, american cheese, pasteurized process, kraft ";"riboflavin, american cheese, pasteurized process, kraft ";0;0;17.3076923076923;0;0;0;0;0
"riboflavin, american cheese, pasteurized process, kraft deli deluxe ";"riboflavin, american cheese, pasteurized process, kraft deli deluxe ";0;0;16.9230769230769;0;0;0;0;0
"riboflavin, american cheese, pasteurized process, land";"riboflavin, american cheese, pasteurized process, land";0;0;24.6153846153846;0;0;0;0;0
"riboflavin, cheddar cheese, sliced, cracker barrel";"riboflavin, cheddar cheese, sliced, cracker barrel";0;0;36.9230769230769;0;0;0;0;0
"riboflavin, cheddar cheese, sliced, sargento sharp ";"riboflavin, cheddar cheese, sliced, sargento sharp ";0;0;33.8461538461538;0;0;0;0;0
"riboflavin, cheddar cheese, sliced, store brand, food lion";"riboflavin, cheddar cheese, sliced, store brand, food lion";0;0;36.9230769230769;0;0;0;0;0
"riboflavin, cheddar cheese, sliced, store brand, great value deli style sliced sharp ";"riboflavin, cheddar cheese, sliced, store brand, great value deli style sliced sharp ";0;0;33.8461538461538;0;0;0;0;0
"riboflavin, cheddar cheese, sliced, store brand, lucerne sliced sharp cheddar natural cheese";"riboflavin, cheddar cheese, sliced, store brand, lucerne sliced sharp cheddar natural cheese";0;0;25.3846153846154;0;0;0;0;0
"riboflavin, cheddar cheese, sliced, store brand, publix & shoprite";"riboflavin, cheddar cheese, sliced, store brand, publix & shoprite";0;0;26.1538461538462;0;0;0;0;0
"riboflavin, cheddar cheese, sliced, tillamook";"riboflavin, cheddar cheese, sliced, tillamook";0;0;42.3076923076923;0;0;0;0;0
"riboflavin, cheese, cheddar, mild, block/chunk kraft";"riboflavin, cheese, cheddar, mild, block/chunk kraft";0;0;34.2307692307692;0;0;0;0;0
"riboflavin, cheese, cheddar, mild, block/chunk, store brand, food club ";"riboflavin, cheese, cheddar, mild, block/chunk, store brand, food club ";0;0;30.7692307692308;0;0;0;0;0
"riboflavin, cheese, cheddar, mild, block/chunk, store brand, great value";"riboflavin, cheese, cheddar, mild, block/chunk, store brand, great value";0;0;36.1538461538462;0;0;0;0;0
"riboflavin, cheese, cheddar, natural shredded mild, kraft";"riboflavin, cheese, cheddar, natural shredded mild, kraft";0;0;40.3846153846154;0;0;0;0;0
"riboflavin, cheese, cheddar, natural shredded mild, store brand, great value";"riboflavin, cheese, cheddar, natural shredded mild, store brand, great value";0;0;30.7692307692308;0;0;0;0;0
"riboflavin, cheese, cheddar, natural shredded mild, store brand, skroger";"riboflavin, cheese, cheddar, natural shredded mild, store brand, skroger";0;0;30;0;0;0;0;0
"riboflavin, cheese, cheddar, natural shredded mild, store brand, wegmans";"riboflavin, cheese, cheddar, natural shredded mild, store brand, wegmans";0;0;27.6923076923077;0;0;0;0;0
"riboflavin, cheese, cheddar, natural shredded sharp, kraft";"riboflavin, cheese, cheddar, natural shredded sharp, kraft";0;0;31.1538461538462;0;0;0;0;0
"riboflavin, cheese, cheddar, natural shredded sharp, store brand, great value";"riboflavin, cheese, cheddar, natural shredded sharp, store brand, great value";0;0;28.4615384615385;0;0;0;0;0
"riboflavin, cheese, cheddar, natural shredded sharp, store brand, my essentials";"riboflavin, cheese, cheddar, natural shredded sharp, store brand, my essentials";0;0;32.3076923076923;0;0;0;0;0
"riboflavin, cheese, cheddar, natural shredded sharp, store brand, skroger";"riboflavin, cheese, cheddar, natural shredded sharp, store brand, skroger";0;0;29.2307692307692;0;0;0;0;0
"riboflavin, cheese, cheddar, sharp, block/chunk cabot, seriously sharp";"riboflavin, cheese, cheddar, sharp, block/chunk cabot, seriously sharp";0;0;43.0769230769231;0;0;0;0;0
"riboflavin, cheese, cheddar, sharp, block/chunk kraft";"riboflavin, cheese, cheddar, sharp, block/chunk kraft";0;0;36.9230769230769;0;0;0;0;0
"riboflavin, cheese, cheddar, sharp, block/chunk, store brand, great value";"riboflavin, cheese, cheddar, sharp, block/chunk, store brand, great value";0;0;39.2307692307692;0;0;0;0;0
"riboflavin, cheese, dry white, queso seco, el mexicano brand";"riboflavin, cheese, dry white, queso seco, el mexicano brand";0;0;22.3076923076923;0;0;0;0;0
"riboflavin, cheese, dry white, queso seco, mixed composite";"riboflavin, cheese, dry white, queso seco, mixed composite";0;0;16.7692307692308;0;0;0;0;0
"riboflavin, cheese, string";"riboflavin, cheese, string";0;0;27.5384615384615;0;0;0;0;0
"riboflavin, cheese, swiss, slices";"riboflavin, cheese, swiss, slices";0;0;23.3333333333333;0;0;0;0;0
"riboflavin, chicken breasts, boneless, skinless, non";"riboflavin, chicken breasts, boneless, skinless, non";0;0;14.3589743589744;0;0;0;0;0
"riboflavin, chicken, dark meat, lean only, drumstick, braised, enhanced";"riboflavin, chicken, dark meat, lean only, drumstick, braised, enhanced";0;0;12.3076923076923;0;0;0;0;0
"riboflavin, chicken, dark meat, lean only, drumstick, braised, non";"riboflavin, chicken, dark meat, lean only, drumstick, braised, non";0;0;14.2307692307692;0;0;0;0;0
"riboflavin, chicken, dark meat, lean only, drumstick, raw, enhanced";"riboflavin, chicken, dark meat, lean only, drumstick, raw, enhanced";0;0;13.0769230769231;0;0;0;0;0
"riboflavin, chicken, dark meat, lean only, drumstick, raw, non";"riboflavin, chicken, dark meat, lean only, drumstick, raw, non";0;0;14.4230769230769;0;0;0;0;0
"riboflavin, chicken, dark meat, lean only, drumstick, roasted, enhanced";"riboflavin, chicken, dark meat, lean only, drumstick, roasted, enhanced";0;0;13.8461538461538;0;0;0;0;0
"riboflavin, chicken, dark meat, lean only, drumstick, roasted, non";"riboflavin, chicken, dark meat, lean only, drumstick, roasted, non";0;0;14.0384615384615;0;0;0;0;0
"riboflavin, chicken, dark meat, lean only, thigh, braised, enhanced";"riboflavin, chicken, dark meat, lean only, thigh, braised, enhanced";0;0;10.7692307692308;0;0;0;0;0
"riboflavin, chicken, dark meat, lean only, thigh, braised, non";"riboflavin, chicken, dark meat, lean only, thigh, braised, non";0;0;14.0384615384615;0;0;0;0;0
"riboflavin, chicken, dark meat, lean only, thigh, raw, enhanced";"riboflavin, chicken, dark meat, lean only, thigh, raw, enhanced";0;0;13.8461538461538;0;0;0;0;0
"riboflavin, chicken, dark meat, lean only, thigh, raw, non";"riboflavin, chicken, dark meat, lean only, thigh, raw, non";0;0;13.6538461538462;0;0;0;0;0
"riboflavin, chicken, dark meat, lean only, thigh, roasted, enhanced";"riboflavin, chicken, dark meat, lean only, thigh, roasted, enhanced";0;0;13.8461538461538;0;0;0;0;0
"riboflavin, chicken, dark meat, lean only, thigh, roasted, non";"riboflavin, chicken, dark meat, lean only, thigh, roasted, non";0;0;14.4230769230769;0;0;0;0;0
"riboflavin, chicken, skin, braised, from drumsticks and thighs, enhanced";"riboflavin, chicken, skin, braised, from drumsticks and thighs, enhanced";0;0;3.07692307692308;0;0;0;0;0
"riboflavin, chicken, skin, braised, from drumsticks and thighs, non";"riboflavin, chicken, skin, braised, from drumsticks and thighs, non";0;0;4.23076923076923;0;0;0;0;0
"riboflavin, chicken, skin, raw, from drumsticks and thighs, enhanced";"riboflavin, chicken, skin, raw, from drumsticks and thighs, enhanced";0;0;3.07692307692308;0;0;0;0;0
"riboflavin, chicken, skin, raw, from drumsticks and thighs, non";"riboflavin, chicken, skin, raw, from drumsticks and thighs, non";0;0;2.5;0;0;0;0;0
"riboflavin, chicken, skin, roasted, from drumsticks and thighs, enhanced";"riboflavin, chicken, skin, roasted, from drumsticks and thighs, enhanced";0;0;4.61538461538461;0;0;0;0;0
"riboflavin, chicken, skin, roasted, from drumsticks and thighs, non";"riboflavin, chicken, skin, roasted, from drumsticks and thighs, non";0;0;4.80769230769231;0;0;0;0;0
"riboflavin, cottage cheese, ";"riboflavin, cottage cheese, ";0;0;18.034188034188;0;0;0;0;0
"riboflavin, greek yogurt, chobani plain non";"riboflavin, greek yogurt, chobani plain non";0;0;20.7692307692308;0;0;0;0;0
"riboflavin, greek yogurt, dannon oikos plain non";"riboflavin, greek yogurt, dannon oikos plain non";0;0;22.8205128205128;0;0;0;0;0
"riboflavin, greek yogurt, fage plain nonfat";"riboflavin, greek yogurt, fage plain nonfat";0;0;21.2820512820513;0;0;0;0;0
"riboflavin, ground turkey, ";"riboflavin, ground turkey, ";0;0;17.4358974358974;0;0;0;0;0
"riboflavin, haddock, raw";"riboflavin, haddock, raw";0;0;4.35897435897436;0;0;0;0;0
"riboflavin, mozzarella cheese, low";"riboflavin, mozzarella cheese, low";0;0;27.9487179487179;0;0;0;0;0
"riboflavin, mustard, yellow, frenchs classic";"riboflavin, mustard, yellow, frenchs classic";0;0;6.33333333333333;0;0;0;0;0
"riboflavin, mustard, yellow, store brand, great value & great value";"riboflavin, mustard, yellow, store brand, great value & great value";0;0;6.84615384615385;0;0;0;0;0
"riboflavin, mustard, yellow, store brand, kroger & kroger";"riboflavin, mustard, yellow, store brand, kroger & kroger";0;0;6.61538461538461;0;0;0;0;0
"riboflavin, mustard, yellow, store brand, safeway & safeway";"riboflavin, mustard, yellow, store brand, safeway & safeway";0;0;6.15384615384615;0;0;0;0;0
"riboflavin, onion rings, frozen, alexia";"riboflavin, onion rings, frozen, alexia";0;0;7.69230769230769;0;0;0;0;0
"riboflavin, onion rings, frozen, ore";"riboflavin, onion rings, frozen, ore";0;0;10.2564102564103;0;0;0;0;0
"riboflavin, onion rings, frozen, store brand/other";"riboflavin, onion rings, frozen, store brand/other";0;0;8.46153846153846;0;0;0;0;0
"riboflavin, parmesan cheese, grated, kraft ";"riboflavin, parmesan cheese, grated, kraft ";0;0;25.8974358974359;0;0;0;0;0
"riboflavin, parmesan cheese, grated, store brand/other brand, great value";"riboflavin, parmesan cheese, grated, store brand/other brand, great value";0;0;29.2307692307692;0;0;0;0;0
"riboflavin, parmesan cheese, grated, store brand/other brand, kroger";"riboflavin, parmesan cheese, grated, store brand/other brand, kroger";0;0;31.5384615384615;0;0;0;0;0
"riboflavin, parmesan cheese, grated, store brand/other brand, safeway kitchens";"riboflavin, parmesan cheese, grated, store brand/other brand, safeway kitchens";0;0;20.7692307692308;0;0;0;0;0
"riboflavin, peanut butter, creamy, jif";"riboflavin, peanut butter, creamy, jif";0;0;15.3846153846154;0;0;0;0;0
"riboflavin, peanut butter, creamy, skippy";"riboflavin, peanut butter, creamy, skippy";0;0;15.1282051282051;0;0;0;0;0
"riboflavin, peanut butter, creamy, store brand/other brand, great value";"riboflavin, peanut butter, creamy, store brand/other brand, great value";0;0;13.8461538461538;0;0;0;0;0
"riboflavin, peanut butter, creamy, store brand/other brand, kroger";"riboflavin, peanut butter, creamy, store brand/other brand, kroger";0;0;13.8461538461538;0;0;0;0;0
"riboflavin, peanut butter, creamy, store brand/other brand, safeway kitchens & shop rite";"riboflavin, peanut butter, creamy, store brand/other brand, safeway kitchens & shop rite";0;0;13.0769230769231;0;0;0;0;0
"riboflavin, pickles, kosher dill, spears, clausen";"riboflavin, pickles, kosher dill, spears, clausen";0;0;4.23076923076923;0;0;0;0;0
"riboflavin, pickles, kosher dill, spears, store brand, great value & great value";"riboflavin, pickles, kosher dill, spears, store brand, great value & great value";0;0;4.38461538461539;0;0;0;0;0
"riboflavin, pickles, kosher dill, spears, store brand, kroger";"riboflavin, pickles, kosher dill, spears, store brand, kroger";0;0;4.38461538461539;0;0;0;0;0
"riboflavin, pickles, kosher dill, spears, store brand, safeway";"riboflavin, pickles, kosher dill, spears, store brand, safeway";0;0;4.30769230769231;0;0;0;0;0
"riboflavin, pickles, kosher dill, spears, vlasic";"riboflavin, pickles, kosher dill, spears, vlasic";0;0;4.58974358974359;0;0;0;0;0
"riboflavin, pollock, raw";"riboflavin, pollock, raw";0;0;6.15384615384615;0;0;0;0;0
"riboflavin, pupusas, bean, flat stuffed corn biscuit";"riboflavin, pupusas, bean, flat stuffed corn biscuit";0;0;2.30769230769231;0;0;0;0;0
"riboflavin, sweet and sour pork, chinese restaurant";"riboflavin, sweet and sour pork, chinese restaurant";0;0;7.94871794871795;0;0;0;0;0
"riboflavin, tamale, pork";"riboflavin, tamale, pork";0;0;3.84615384615385;0;0;0;0;0
"riboflavin, tuna, canned, in water, drained solids,  bumblebee chunk light, in water ";"riboflavin, tuna, canned, in water, drained solids,  bumblebee chunk light, in water ";0;0;6.15384615384615;0;0;0;0;0
"riboflavin, tuna, canned, in water, drained solids,  chicken of the sea chunk light, in water ";"riboflavin, tuna, canned, in water, drained solids,  chicken of the sea chunk light, in water ";0;0;5.38461538461539;0;0;0;0;0
"riboflavin, tuna, canned, in water, drained solids,  starkist, chunk light, in water ";"riboflavin, tuna, canned, in water, drained solids,  starkist, chunk light, in water ";0;0;6.92307692307692;0;0;0;0;0
"riboflavin, tuna, canned, in water, drained solids, store brand,  great value &  safeway";"riboflavin, tuna, canned, in water, drained solids, store brand,  great value &  safeway";0;0;6.92307692307692;0;0;0;0;0
"riboflavin, white bread, pepperidge farms";"riboflavin, white bread, pepperidge farms";0;0;19.4871794871795;0;0;0;0;0
"riboflavin, white bread, sara lee soft and smooth classic whole";"riboflavin, white bread, sara lee soft and smooth classic whole";0;0;16.1538461538462;0;0;0;0;0
"riboflavin, white bread, store brand, americas choice large white";"riboflavin, white bread, store brand, americas choice large white";0;0;16.9230769230769;0;0;0;0;0
"riboflavin, white bread, store brand, food world sandwich bread";"riboflavin, white bread, store brand, food world sandwich bread";0;0;16.1538461538462;0;0;0;0;0
"riboflavin, white bread, store brand, great value white";"riboflavin, white bread, store brand, great value white";0;0;21.5384615384615;0;0;0;0;0
"riboflavin, white bread, store brand, kroger bread";"riboflavin, white bread, store brand, kroger bread";0;0;15.3846153846154;0;0;0;0;0
"riboflavin, white bread, store brand, lowes food store";"riboflavin, white bread, store brand, lowes food store";0;0;17.6923076923077;0;0;0;0;0
"riboflavin, white bread, store brand, publix bread";"riboflavin, white bread, store brand, publix bread";0;0;20.7692307692308;0;0;0;0;0
"riboflavin, white bread, store brand, safeway premium white";"riboflavin, white bread, store brand, safeway premium white";0;0;19.6153846153846;0;0;0;0;0
"riboflavin, white bread, store brand, shop rite round top white";"riboflavin, white bread, store brand, shop rite round top white";0;0;27.6923076923077;0;0;0;0;0
"riboflavin, white bread, store brand, sunnyside farms bread";"riboflavin, white bread, store brand, sunnyside farms bread";0;0;13.8461538461538;0;0;0;0;0
"riboflavin, whole wheat bread, natures own";"riboflavin, whole wheat bread, natures own";0;0;14.1025641025641;0;0;0;0;0
"riboflavin, whole wheat bread, store brand/other";"riboflavin, whole wheat bread, store brand/other";0;0;11.5384615384615;0;0;0;0;0
"riboflavin, whole wheat bread, stroehmann dutch county";"riboflavin, whole wheat bread, stroehmann dutch county";0;0;12.3076923076923;0;0;0;0;0
"riboflavin, yogurt, greek, strawberry, non";"riboflavin, yogurt, greek, strawberry, non";0;0;19.2307692307692;0;0;0;0;0
"romaine lettuce, pass ";"romaine lettuce, pass ";2.53571428571429;0.18624014022787;1.54945054945055;0;1.09051254089422;1.21580547112462;1.89010989010989;11.7305458768873
"romaine lettuce, region ";"romaine lettuce, region ";3.95;0.098159509202454;1.8974358974359;0;0.101781170483461;2.34042553191489;1.43076923076923;1.31868131868132
"sauce, pasta, spaghetti/marinara, ready";"sauce, pasta, spaghetti/marinara, ready";0;0;0;22;0;0;0;0
"sauce, salsa, ready";"sauce, salsa, ready";0;0;0;15.24;0;0;13.5384615384615;0
"sausage, breakfast sausage, beef, pre";"sausage, breakfast sausage, beef, pre";0;9.20245398773006;10.1538461538462;4;45.8015267175573;207.446808510638;11.5384615384615;48.4848484848485
"sausage, italian, pork, mild, cooked, pan";"sausage, italian, pork, mild, cooked, pan";0;0;18.6153846153846;5.84;0;0;26.3846153846154;0
"sausage, pork, chorizo, link or ground, cooked, pan";"sausage, pork, chorizo, link or ground, cooked, pan";2.5;0;32.3076923076923;0;0;0;42.6153846153846;0
"sausage, turkey, breakfast links, mild, raw";"sausage, turkey, breakfast links, mild, raw";0;12.5766871165644;22.7692307692308;0;57.2519083969466;297.872340425532;25.7692307692308;43.4782608695652
"seeds, sunflower seed kernels, dry roasted, with salt added";"seeds, sunflower seed kernels, dry roasted, with salt added";42.25;0;39;12.56;0;0;58.4615384615385;0
"sesame butter, creamy";"sesame butter, creamy";27.1;17.1165644171779;0;0;117.862595419847;444.840425531915;45.7923076923077;63.2689648107361
"sesame seed butter";"sesame seed butter";27.096875;17.1203987730061;0;0;117.843511450382;444.813829787234;45.7884615384615;63.2522407170295
"soy milk, refrigerated, sweetened";"soy milk, refrigerated, sweetened";3.95357142857143;2.41016652059597;25.4395604395604;0;13.0861504907306;53.1914893617021;2.8021978021978;53.3333333333333
"soy milk, unsweetened, plain, refrigerated";"soy milk, unsweetened, plain, refrigerated";3.9525;2.40950920245399;25.4384615384615;0;13.087786259542;53.1914893617021;2.80230769230769;53.3488914819137
"soy milk, unsweetened, plain, shelf stable";"soy milk, unsweetened, plain, shelf stable";4.9221875;2.6840490797546;6.46153846153846;1.1138;17.6526717557252;65.8377659574468;4.25;61.9195050774927
"spinach, baby";"spinach, baby";29.1265625;0;14.8846153846154;0;0;0;14.9677884615385;0
"spinach, mature";"spinach, mature";28.35;0;14.7692307692308;0;0;0;16.4846153846154;0
"spinach, regular";"spinach, regular";28.346875;0;14.7692307692308;0;0;0;16.4807692307692;0
"strawberries, fresh, pass ";"strawberries, fresh, pass ";0.645833333333333;0;0.179487179487179;0;0;0;0.871794871794872;0
"strawberries, fresh, region ";"strawberries, fresh, region ";0.5;0;0.549450549450549;0;0;0;0.791208791208791;0
"strawberries, raw";"strawberries, raw";2;0;1.23076923076923;20.7226666666667;0;0;2.69230769230769;0
"sugars, granulated";"sugars, granulated";0;0;0;399.2;0;0;0;0
"sunflower seeds dry roasted salted";"sunflower seeds dry roasted salted";42.25;0;38.974358974359;0;0;0;0;0
"sunflower seeds, dry roasted, salted ";"sunflower seeds, dry roasted, salted ";0;0;0;0;0;0;58.4615384615385;0
"tomato juice, shelf stable, from concentrate, with added ingredients";"tomato juice, shelf stable, from concentrate, with added ingredients";4.7325;0;0;0;0;0;5.85576923076923;0
"tomato juice, with added ingredients, from concentrate, shelf stable";"tomato juice, with added ingredients, from concentrate, shelf stable";4.7325;0;0;10.268;0;0;5.85615384615385;0
"tomato, roma";"tomato, roma";2.4985;0;0;0;0;0;6.07230769230769;0
"tomatoes, canned, red, ripe, diced";"tomatoes, canned, red, ripe, diced";0;0;0;11.96;0;0;0;0
"tomatoes, grape";"tomatoes, grape";2.375;0;5;0;0;0;4.61538461538462;0
"tomatoes, grape, raw";"tomatoes, grape, raw";2.5;0;5;0;0;0;4.61538461538461;0
"tomatoes, roma";"tomatoes, roma";2.4984375;0;0;0;0;0;6.07211538461538;0
"turkey breakfast sausage, butterball";"turkey breakfast sausage, butterball";0;0;23.0769230769231;0;0;0;17.3076923076923;0
"turkey breakfast sausage, honeysuckle white";"turkey breakfast sausage, honeysuckle white";0;0;22.3076923076923;0;0;0;37;0
"turkey breakfast sausage, jennie o ";"turkey breakfast sausage, jennie o ";0;12.5766871165644;23.4615384615385;0;57.2519083969466;297.872340425532;26.2307692307692;43.4782608695652
"turkey breakfast sausage, jimmy dean";"turkey breakfast sausage, jimmy dean";0;0;21.5384615384615;0;0;0;21.9230769230769;0
"turkey, ground, ";"turkey, ground, ";0;0;20.1538461538462;0;0;0;38.2307692307692;0
"vitamin b";"vitamin b";0;0;0;0;0;0;13.4698920988514;0
"yogurt, greek, plain, nonfat";"yogurt, greek, plain, nonfat";0;7.8680981595092;21.6153846153846;13.08;50.763358778626;271.276595744681;4.92307692307692;52.0039100684262
"yogurt, greek, plain, whole milk";"yogurt, greek, plain, whole milk";0;0;18.8;12.9896;0;0;3.38;0
"yogurt, greek, strawberry, nonfat";"yogurt, greek, strawberry, nonfat";5;0;19.2307692307692;46;0;0;3.84615384615385;0
"yogurt, greek, whole milk, plain";"yogurt, greek, whole milk, plain";0;0;18.7980769230769;0;0;0;3.37980769230769;0
"yogurt, plain, whole milk";"yogurt, plain, whole milk";0;0;18.7;16.3744;0;0;3.46615384615385;0
"yogurt, whole milk, plain";"yogurt, whole milk, plain";0;0;18.7019230769231;0;0;0;3.46634615384615;0
